Name,Email,Organization Type,What They Provide
South Windsor IT Solutions,southwindsoritsolutions@gmail.com,Consultative,Professional Development Workshops
Tech Collaborators Group,techcollaborators@gmail.com,Operational,Industry Networking Events
InnovateNow Partners,innovatenowpartners@gmail.com,Contributory,Shared Resource Centers
Connective Minds Inc,connectiveminds@gmail.com,Collaborative,Internship and Apprenticeship Programs
Tech Excellence Hub,techexcellencehub@gmail.com,Consultative,Innovation Lab Incubators
SW Technology Innovators,swtechinnovators@gmail.com,Operational,Professional Development Workshops
Business Tech Solutions,businesstechsolutions@gmail.com,Contributory,Industry Networking Events
InnoConnect Partners,innoconnectpartners@gmail.com,Collaborative,Shared Resource Centers
TechAdvantage Inc,techadvantage@gmail.com,Consultative,Internship and Apprenticeship Programs
InnovateLab Solutions,innovatelabsolutions@gmail.com,Operational,Innovation Lab Incubators
SW Tech Hub,swtechhub@gmail.com,Contributory,Professional Development Workshops
Connective Solutions,connectivesolutions@gmail.com,Collaborative,Industry Networking Events
Infinite Innovations,finiteinnovations@gmail.com,Consultative,Shared Resource Centers
Bunsen Innovators,bunseninnovators@gmail.com,Operational,Internship and Apprenticeship Programs
Fusion Tech Group,fusiontechgroup@gmail.com,Contributory,Innovation Lab Incubators
Credent Innovations,credentinnovations@gmail.com,Collaborative,Professional Development Workshops
ARSOME Tech Solutions,arsometech@gmail.com,Consultative,Industry Networking Events
Talent IT Innovations,talentitinnovations@gmail.com,Operational,Shared Resource Centers
Solution Pioneers,solutionpioneers@gmail.com,Contributory,Internship and Apprenticeship Programs
Webilent Tech Inc,webilenttech@gmail.com,Collaborative,Innovation Lab Incubators
HCL America Innovations,hclamericainnovations@gmail.com,Consultative,Professional Development Workshops
Innovate Solutions Group,innovatesolutionsgroup@gmail.com,Operational,Industry Networking Events
TechRevolution Inc,techrevolutioninc@gmail.com,Contributory,Shared Resource Centers
CollaborateIT Partners, collaborateitpartners@gmail.com,Collaborative,Internship and Apprenticeship Programs
SW Solution Innovators,solutionswinnovators@gmail.com,Consultative,Innovation Lab Incubators
Akhil Shunmugaraja, akhils@gmail.com, Collaborative,Internship and Apprenticeship Programs